query_id,query_key,num_relevant,pred_count,k,hits_at_k,hit_at_1,precision_at_k,recall_at_k,ap_at_k,ndcg_at_k,first_pred
q001,1000009120,3,3,3,2,1.000000,0.666667,0.666667,0.555556,0.703918,1000009169
q002,1000009819,2,3,3,1,1.000000,0.333333,0.500000,0.500000,0.613147,1000009820
