{
  "input_size": 224,
  "mean": [0.48145466, 0.4578275, 0.40821073],
  "std": [0.26862954, 0.26130258, 0.27577711],
  "model_file": "vit-b-16.img.fp16.onnx",
  "model_data_file": "vit-b-16.img.fp16.onnx.extra_file",
  "text_model_file": "vit-b-16.txt.fp16.onnx",
  "thresholds": {
    "自拍照": 0.38,
    "多人合影": 0.38,
    "证件照": 0.43,
    "手绘或插画": 0.38,
    "卡片或票据": 0.38,
    "二维码或条形码": 0.43,
    "自然风景": 0.38,
    "花草植物": 0.38,
    "交通工具车辆": 0.39,
    "建筑物": 0.38,
    "宠物动物": 0.38,
    "电子产品": 0.38,
    "美食": 0.38,
    "文档或文字图片": 0.38
  }
}
